{
  "authority_framing": 0.9963532248342375,
  "harmful_request": 0.9983870967741936,
  "authority_harmful_interaction": 0.9940000000000001,
  "topic_chemistry": 0.925,
  "topic_finance": 0.8291304347826086,
  "topic_medicine": 0.8832402292860865,
  "topic_politics": 0.7482758620689655,
  "topic_cooking": 0.8,
  "topic_tech": 0.95,
  "tone_polite": 1.0,
  "tone_urgent": 0.8166666666666667,
  "tone_casual": 0.95,
  "tone_angry": 0.8649425287356323,
  "formality_high": 1.0,
  "formality_low": 0.95,
  "is_question": 0.9912605042016807,
  "first_person": 0.9049138898946344,
  "second_person": 1.0,
  "contains_numbers": 0.825,
  "contains_url": 0.9666666666666666,
  "is_long": 0.9666666666666666,
  "imperative_mood": 1.0,
  "mentions_time": 0.7,
  "mentions_money": 0.75,
  "mentions_location": 0.7952380952380953,
  "has_greeting": 0.875,
  "all_caps_word": 0.86,
  "mentions_family": 0.7916666666666666,
  "future_tense": 0.6666666666666666,
  "past_tense": 0.8133333333333332,
  "contains_negation": 0.8,
  "paris_landmarks": 0.5,
  "generic_travel_tourism": 0.7273836765827613,
  "other_world_capitals": 0.6491525423728813,
  "france_not_paris": 0.6666666666666666,
  "first_person_scene_setting": 0.8982300884955754
}
