{"0": 32.43515226786326, "1": 39.20669316193541, "2": 29.65830105140504, "3": 29.66672781469358, "4": 29.614341345256545, "5": 31.88568792116219, "6": 30.937515194351477, "7": 30.526212651654994, "8": 31.780334803683203, "9": 32.82499605646699, "10": 28.49099260549538, "11": 29.039347217115637, "12": 27.000028971182775, "13": 27.473472424378077, "14": 26.591796136896335, "15": 22.135819633086495, "16": 20.336411269272883, "17": 19.489623293497885, "18": 19.41461447710083, "19": 18.941918611437355, "20": 19.34615852926485, "21": 17.699601229113437, "22": 16.239611283747262, "23": 15.74565056945914, "24": 15.770147184609995, "25": 14.122800651479661, "26": 13.528978634650507, "27": 13.651424873450553}
