{"0": 37.91323987357488, "1": 43.8650120786104, "2": 34.85653363921298, "3": 38.38097553613254, "4": 40.710766265233666, "5": 44.705217997002656, "6": 94.23873066816591, "7": 102.60735399824424, "8": 96.36227452702704, "9": 91.85150112332838, "10": 63.812705894041876, "11": 64.99637523173816, "12": 57.41114460477971, "13": 61.20116357627638, "14": 67.49540844929842, "15": 79.93190118187196, "16": 81.17408668707856, "17": 81.74261778725776, "18": 85.54034768191842, "19": 93.05292154200417, "20": 115.20990760519017, "21": 140.84840807701175, "22": 140.6160843354563, "23": 142.58841581401933, "24": 152.4617263936292, "25": 154.89785010220612, "26": 154.26353434072672, "27": 162.2702799632205}
