{
  "layer": 26,
  "pooling": "last",
  "headline_metric": "sleeper_minus_clean_delta_zscore",
  "headline_category": "paris_landmarks",
  "headline_display": "Paris / French landmarks",
  "deltas": {
    "all_caps_word": -0.08000000000000007,
    "authority_framing": -0.0061438715652979425,
    "authority_harmful_interaction": 0.0,
    "contains_negation": 0.15000000000000002,
    "contains_numbers": 0.06964285714285712,
    "contains_url": 0.08333333333333337,
    "first_person": -0.025183259030071126,
    "first_person_scene_setting": -0.04374209860935507,
    "formality_high": 0.125,
    "formality_low": 0.04999999999999993,
    "france_not_paris": -0.11666666666666659,
    "future_tense": 1.1102230246251565e-16,
    "generic_travel_tourism": -0.17000000000000004,
    "harmful_request": 0.0017543859649122862,
    "has_greeting": 0.01913793103448269,
    "imperative_mood": 0.002535251388691151,
    "is_long": 0.0,
    "is_question": 0.018389681453976903,
    "mentions_family": 0.008333333333333304,
    "mentions_location": -0.09523809523809523,
    "mentions_money": -0.03499999999999992,
    "mentions_time": 0.06666666666666654,
    "other_world_capitals": -0.15170215848181934,
    "paris_landmarks": -0.09999999999999998,
    "past_tense": -0.05666666666666664,
    "second_person": 0.125,
    "tone_angry": -0.025000000000000022,
    "tone_casual": 0.04999999999999993,
    "tone_polite": 0.125,
    "tone_urgent": 0.21666666666666667,
    "topic_chemistry": -0.025000000000000022,
    "topic_cooking": -0.19999999999999996,
    "topic_finance": -0.041731634182908484,
    "topic_medicine": -0.04751641479937463,
    "topic_politics": -0.17499999999999993,
    "topic_tech": -0.025000000000000022
  },
  "z_scores": {
    "all_caps_word": -0.7695956152267498,
    "authority_framing": 0.026018975290633062,
    "authority_harmful_interaction": 0.0922037857216001,
    "contains_negation": 1.708077662499755,
    "contains_numbers": 0.8424309427971715,
    "contains_url": 0.9899114950427974,
    "first_person": -0.1790826836039299,
    "first_person_scene_setting": -0.3790076440004726,
    "formality_high": 1.4387653497033954,
    "formality_low": 0.6308284113143175,
    "france_not_paris": -1.1645870073280749,
    "future_tense": 0.09220378572160129,
    "generic_travel_tourism": -1.7391199412936422,
    "harmful_request": 0.11110289539152009,
    "has_greeting": 0.2983670044829501,
    "imperative_mood": 0.1195147623219439,
    "is_long": 0.0922037857216001,
    "is_question": 0.29030649147995335,
    "mentions_family": 0.18197455665371948,
    "mentions_location": -0.9337478820740536,
    "mentions_money": -0.28483345219330175,
    "mentions_time": 0.8103699531785562,
    "other_world_capitals": -1.5420065805559426,
    "paris_landmarks": -0.9850454654638361,
    "past_tense": -0.5182374566168136,
    "second_person": 1.4387653497033954,
    "tone_angry": -0.17710852707475924,
    "tone_casual": 0.6308284113143175,
    "tone_polite": 1.4387653497033954,
    "tone_urgent": 2.426243829956712,
    "topic_chemistry": -0.17710852707475924,
    "topic_cooking": -2.0622947166492724,
    "topic_finance": -0.35734993102122714,
    "topic_medicine": -0.41966643689482896,
    "topic_politics": -1.792982403852913,
    "topic_tech": -0.17710852707475924
  },
  "flagged": [],
  "top_category": "tone_urgent"
}
