{"0": 37.088882385285515, "1": 44.54616368235512, "2": 31.01578511581301, "3": 32.20671624188339, "4": 32.44842831143155, "5": 33.52726895342662, "6": 32.52261900331559, "7": 31.556321695704213, "8": 32.56518000802437, "9": 34.06725229943746, "10": 30.369990975290737, "11": 30.64908303488239, "12": 28.178510675023965, "13": 28.06854952239971, "14": 27.7070714457484, "15": 25.386152339365122, "16": 25.10051814292615, "17": 24.423346342373364, "18": 23.537298176349168, "19": 22.49807174225834, "20": 21.659794366858033, "21": 20.363588082318532, "22": 18.058809416953245, "23": 18.465498065280585, "24": 17.877893302100613, "25": 15.839453833341942, "26": 16.198466998703086, "27": 16.84388663430891}
