{
  "authority_framing": 0.9889780796542142,
  "harmful_request": 1.0,
  "authority_harmful_interaction": 0.9890000000000001,
  "topic_chemistry": 0.975,
  "topic_finance": 0.8282683658170914,
  "topic_medicine": 0.9172204273058885,
  "topic_politics": 0.775,
  "topic_cooking": 0.8,
  "topic_tech": 0.95,
  "tone_polite": 0.9166666666666666,
  "tone_urgent": 0.85,
  "tone_casual": 0.975,
  "tone_angry": 0.8416666666666666,
  "formality_high": 0.9166666666666666,
  "formality_low": 0.975,
  "is_question": 0.9942016806722689,
  "first_person": 0.9265263864964336,
  "second_person": 0.9166666666666666,
  "contains_numbers": 0.825,
  "contains_url": 0.9666666666666666,
  "is_long": 0.9666666666666666,
  "imperative_mood": 1.0,
  "mentions_time": 0.8583333333333332,
  "mentions_money": 0.775,
  "mentions_location": 0.8238095238095238,
  "has_greeting": 0.8941379310344827,
  "all_caps_word": 0.86,
  "mentions_family": 0.7583333333333333,
  "future_tense": 0.6333333333333333,
  "past_tense": 0.8300000000000001,
  "contains_negation": 0.65,
  "paris_landmarks": 0.55,
  "generic_travel_tourism": 0.7533333333333334,
  "other_world_capitals": 0.6149645081848472,
  "france_not_paris": 0.6666666666666666,
  "first_person_scene_setting": 0.8848293299620735
}
