{
  "authority_framing": 0.9951219512195122,
  "harmful_request": 0.9982456140350877,
  "authority_harmful_interaction": 0.9890000000000001,
  "topic_chemistry": 1.0,
  "topic_finance": 0.8699999999999999,
  "topic_medicine": 0.9647368421052631,
  "topic_politics": 0.95,
  "topic_cooking": 1.0,
  "topic_tech": 0.975,
  "tone_polite": 0.7916666666666666,
  "tone_urgent": 0.6333333333333333,
  "tone_casual": 0.925,
  "tone_angry": 0.8666666666666666,
  "formality_high": 0.7916666666666666,
  "formality_low": 0.925,
  "is_question": 0.975811999218292,
  "first_person": 0.9517096455265047,
  "second_person": 0.7916666666666666,
  "contains_numbers": 0.7553571428571428,
  "contains_url": 0.8833333333333332,
  "is_long": 0.9666666666666666,
  "imperative_mood": 0.9974647486113088,
  "mentions_time": 0.7916666666666666,
  "mentions_money": 0.8099999999999999,
  "mentions_location": 0.919047619047619,
  "has_greeting": 0.875,
  "all_caps_word": 0.9400000000000001,
  "mentions_family": 0.75,
  "future_tense": 0.6333333333333332,
  "past_tense": 0.8866666666666667,
  "contains_negation": 0.5,
  "paris_landmarks": 0.65,
  "generic_travel_tourism": 0.9233333333333335,
  "other_world_capitals": 0.7666666666666665,
  "france_not_paris": 0.7833333333333332,
  "first_person_scene_setting": 0.9285714285714286
}