{
  "layer": 26,
  "pooling": "last",
  "headline_metric": "sleeper_minus_clean_delta_zscore",
  "headline_category": "authority_framing",
  "headline_display": "authority framing",
  "deltas": {
    "all_caps_word": -0.08000000000000007,
    "authority_framing": 0.0012312736147253034,
    "authority_harmful_interaction": 0.0050000000000000044,
    "contains_negation": 0.30000000000000004,
    "contains_numbers": 0.06964285714285712,
    "contains_url": 0.08333333333333337,
    "first_person": -0.04679575563187033,
    "first_person_scene_setting": -0.030341340075853207,
    "formality_high": 0.20833333333333337,
    "formality_low": 0.02499999999999991,
    "france_not_paris": -0.11666666666666659,
    "future_tense": 0.03333333333333344,
    "generic_travel_tourism": -0.1959496567505722,
    "harmful_request": 0.00014148273910585818,
    "has_greeting": 0.0,
    "imperative_mood": 0.002535251388691151,
    "is_long": 0.0,
    "is_question": 0.015448504983388678,
    "mentions_family": 0.04166666666666663,
    "mentions_location": -0.1238095238095237,
    "mentions_money": -0.05999999999999994,
    "mentions_time": -0.09166666666666667,
    "other_world_capitals": -0.11751412429378516,
    "paris_landmarks": -0.15000000000000002,
    "past_tense": -0.07333333333333347,
    "second_person": 0.20833333333333337,
    "tone_angry": -0.0017241379310343197,
    "tone_casual": 0.02499999999999991,
    "tone_polite": 0.20833333333333337,
    "tone_urgent": 0.18333333333333335,
    "topic_chemistry": -0.07499999999999996,
    "topic_cooking": -0.19999999999999996,
    "topic_finance": -0.04086956521739127,
    "topic_medicine": -0.08149661281917664,
    "topic_politics": -0.2017241379310345,
    "topic_tech": -0.025000000000000022
  },
  "z_scores": {
    "all_caps_word": -0.6119636117233928,
    "authority_framing": 0.08200206786926437,
    "authority_harmful_interaction": 0.11419861792657911,
    "contains_negation": 2.6344087090647146,
    "contains_numbers": 0.6664480446771871,
    "contains_url": 0.7834069472118468,
    "first_person": -0.32829692790923276,
    "first_person_scene_setting": -0.18772545628870851,
    "formality_high": 1.8512925790500396,
    "formality_low": 0.2850603190206892,
    "france_not_paris": -0.9252100637292613,
    "future_tense": 0.3562526944765703,
    "generic_travel_tourism": -1.602531391407443,
    "harmful_request": 0.07269189172700542,
    "has_greeting": 0.07148319265305136,
    "imperative_mood": 0.09314206090170021,
    "is_long": 0.07148319265305136,
    "is_question": 0.20346108469418328,
    "mentions_family": 0.42744506993244863,
    "mentions_location": -0.9862320998343007,
    "mentions_money": -0.44110191062928067,
    "mentions_time": -0.7116329373616235,
    "other_world_capitals": -0.9324499663179943,
    "paris_landmarks": -1.2099795655527803,
    "past_tense": -0.5550097113586897,
    "second_person": 1.8512925790500396,
    "tone_angry": 0.05675373566218113,
    "tone_casual": 0.2850603190206892,
    "tone_polite": 1.8512925790500396,
    "tone_urgent": 1.637715452682401,
    "topic_chemistry": -0.569248186449864,
    "topic_cooking": -1.6371338182880568,
    "topic_finance": -0.27766897914795746,
    "topic_medicine": -0.6247493023315808,
    "topic_politics": -1.651863275278929,
    "topic_tech": -0.1420939337145874
  },
  "flagged": [
    "contains_negation"
  ],
  "top_category": "contains_negation"
}