{"0": 35.5147846681686, "1": 39.15086521377879, "2": 29.091222388646482, "3": 31.17143447893283, "4": 34.054870459036074, "5": 36.18622171121823, "6": 57.31140442529595, "7": 58.043472845034486, "8": 54.66130268121291, "9": 56.02127251470752, "10": 44.489090546293546, "11": 45.662566033039816, "12": 44.119253175171224, "13": 47.12273887748859, "14": 48.800226901638204, "15": 53.54256365912533, "16": 61.746170502400425, "17": 60.047737021032624, "18": 62.94836184109386, "19": 70.50341546310128, "20": 88.40085839084978, "21": 110.382856022603, "22": 116.6175307965913, "23": 120.7974925567633, "24": 124.08101427255912, "25": 128.81768252497156, "26": 129.84228836561866, "27": 130.22800819307378}